{
    "name": "root",
    "metadata": {
        "timer_format_version": "0.1.0",
        "start_time_seconds": "1659630027",
        "python_version": "3.9.5 (tags/v3.9.5:0a7dcbd, May  3 2021, 17:27:52) [MSC v.1928 64 bit (AMD64)]",
        "command_line_arguments": "D:\\Data\\Unity Projekte\\juggling-Robot\\venv\\Scripts\\mlagents-learn --run-id=jugglingRobotV1 --force",
        "mlagents_version": "0.28.0",
        "mlagents_envs_version": "0.28.0",
        "communication_protocol_version": "1.5.0",
        "pytorch_version": "1.7.1+cu110",
        "numpy_version": "1.23.1",
        "end_time_seconds": "1659630128"
    },
    "total": 101.33260899999999,
    "count": 1,
    "self": 0.004630499999990434,
    "children": {
        "run_training.setup": {
            "total": 0.020605999999999902,
            "count": 1,
            "self": 0.020605999999999902
        },
        "TrainerController.start_learning": {
            "total": 101.3073725,
            "count": 1,
            "self": 0.00014869999999689298,
            "children": {
                "TrainerController._reset_env": {
                    "total": 7.6507957,
                    "count": 1,
                    "self": 7.6507957
                },
                "TrainerController.advance": {
                    "total": 93.32095749999999,
                    "count": 1,
                    "self": 1.8299999993587335e-05,
                    "children": {
                        "env_step": {
                            "total": 93.3209392,
                            "count": 1,
                            "self": 93.3209317,
                            "children": {
                                "SubprocessEnvManager._take_step": {
                                    "total": 7.499999998827889e-06,
                                    "count": 1,
                                    "self": 7.499999998827889e-06
                                }
                            }
                        }
                    }
                },
                "TrainerController._save_models": {
                    "total": 0.33547060000000783,
                    "count": 1,
                    "self": 0.0046804000000122414,
                    "children": {
                        "RLTrainer._checkpoint": {
                            "total": 0.3307901999999956,
                            "count": 1,
                            "self": 0.3307901999999956
                        }
                    }
                }
            }
        }
    }
}